name,contact_no
KöktenAdal,+90 333 8859342
HammaAbdurrezak,+90 333 1563682
GüleycanŞensal,+90 333 2557114
SuadiyeRatip,+90 333 9163726
BarikNurşide,+90 333 3323749
HanifiEmineeylem,+90 333 2763531
NakiyeOğulkan,+90 333 6168924
HamsiyeCerit,+90 333 3544579
MahfiHülâgü,+90 333 8937773
EsmerayNurihayat,+90 333 1688759
ŞennurNazifer,+90 333 5326326
ÇetinokSeden,+90 333 1614182
VuslatErimşah,+90 333 9551194
ŞeküreRuhiye,+90 333 8792165
İmranÜmmehan,+90 333 6971156
YavuzbayHiçsönmez,+90 333 8839473
NevzeteAbdulgafur,+90 333 1453851
AksüyekSal,+90 333 2481491
FerhatKılıçaslan,+90 333 6861354
FereçTomurcuk,+90 333 4141534
BalkızAlabegüm,+90 333 8826359
AdulleNesim,+90 333 5364556
SevdalBilhan,+90 333 8634743
HarizBudunal,+90 333 1193335
AlnıakAtız,+90 333 5676454
HaşmetTaşgan,+90 333 6185991
SalliNecife,+90 333 6692117
TüreliSelçen,+90 333 5588146
BorayÜmit,+90 333 7741455
AktemürAkbora,+90 333 4139141
YediverenMuhammetali,+90 333 8483755
BaltaşTonguç,+90 333 3724797
TepegözFerize,+90 333 9528318
SelenArısal,+90 333 9524786
AbdulcabbarMahizar,+90 333 6782359
İyemEmre,+90 333 8238835
MuazzamLâmia,+90 333 1348678
İltenEripek,+90 333 3758172
ZerrinResul,+90 333 9276424
İlalanTelmize,+90 333 3563723
HamiseSertan,+90 333 8263265
ZubeydeBerk,+90 333 7281496
FedaBalsarı,+90 333 4969618
MüsemmeCivanşir,+90 333 2556491
AydınyolFitnet,+90 333 7783478
ÇoğaBigüm,+90 333 4133666
ŞehrinazRaşide,+90 333 2677248
NaifRukhiya,+90 333 8252766
AzatNilden,+90 333 9324656
GamzeKorday,+90 333 9442367
